frame,global_time,section_id,section_time,type,val
437,18.929909700062126,1,7.277497399947606,space,-999
560,20.979800599976443,1,9.327389499987476,space,-999
1,21.02793149999343,2,0.016590600018389523,frame,100
1,21.929380299989134,3,0.016633499995805323,frame,100
55,22.82938530005049,3,0.9166381999384612,frame,100
109,23.72799429995939,3,1.815252500004135,frame,100
163,24.627945499960333,3,2.7152039000065997,frame,100
217,25.52794920001179,3,3.6152072999393567,frame,100
271,26.427956699975766,3,4.515214600018226,frame,100
325,27.32938610005658,3,5.416638999944553,frame,100
379,28.229493299964815,3,6.316746999975294,frame,100
433,29.12952930002939,3,7.216783700045198,frame,100
487,30.029422900057398,3,8.11667589994613,frame,100
541,30.929486899985932,3,9.016740699997172,frame,100
595,31.829497799975798,3,9.91675109998323,frame,100
649,32.72799619997386,3,10.815255100023933,frame,100
703,33.628007199964486,3,11.715264900005423,frame,100
757,34.52801690006163,3,12.615274799987674,frame,100
811,35.42948170006275,3,13.516734699951485,frame,100
1,36.32940599997528,4,0.016571399988606572,frame,110
19,36.62946980004199,4,0.31663530005607754,frame,3
37,36.92958370002452,4,0.6167501000454649,frame,6
55,37.22964829998091,4,0.9168157000094652,frame,112
73,37.528044300037436,4,1.2152151999762282,frame,7
91,37.828029999975115,4,1.5152010000310838,frame,9
109,38.12953789997846,4,1.8167044000001624,frame,111
127,38.42952839995269,4,2.116694499971345,frame,1
145,38.72947649995331,4,2.416641899966635,frame,8
163,39.02950249996502,4,2.71666809997987,frame,112
181,39.32796360005159,4,3.015133799985051,frame,7
199,39.62804049998522,4,3.3152116000419483,frame,9
217,39.92950800003018,4,3.61667340004351,frame,110
235,40.22949589998461,4,3.9166614999994636,frame,3
253,40.52953729999717,4,4.216702800011262,frame,6
271,40.827800899976864,4,4.5149693000130355,frame,111
289,41.12954630004242,4,4.816712100058794,frame,1
307,41.42950009997003,4,5.116665599984117,frame,8
325,41.72952160006389,4,5.416687099961564,frame,110
343,42.02951959997881,4,5.7166851999936625,frame,3
361,42.3296145000495,4,6.016780799953267,frame,6
379,42.62965689995326,4,6.316823299974203,frame,112
397,42.92952760006301,4,6.616692999959923,frame,7
415,43.22954920004122,4,6.916714700055309,frame,9
433,43.5295159999514,4,7.2166813999647275,frame,110
451,43.82952699996531,4,7.516692499979399,frame,3
469,44.129554499988444,4,7.816719900001772,frame,6
487,44.42800229997374,4,8.115172400022857,frame,112
505,44.729474700056016,4,8.416640099952929,frame,7
523,45.02956070005894,4,8.716726399958134,frame,9
541,45.327754199970514,4,9.014921199996024,frame,110
559,45.629701300058514,4,9.31686829996761,frame,3
577,45.92954909999389,4,9.616714600007981,frame,6
595,46.22954800003208,4,9.916713700047694,frame,111
613,46.52955970005132,4,10.216724999947473,frame,1
631,46.82953710004222,4,10.516702600056306,frame,8
649,47.129557400010526,4,10.816722800023854,frame,110
667,47.429542000056244,4,11.116707899956964,frame,3
685,47.72955519997049,4,11.416720799985342,frame,6
703,48.029547399957664,4,11.716712899971753,frame,105
721,48.32952979998663,4,12.01669530000072,frame,4
739,48.62956509995274,4,12.316730599966832,frame,2
757,48.92957919999026,4,12.616745100007392,frame,112
775,49.22951279999688,4,12.91667820001021,frame,7
793,49.529569800011814,4,13.216735200025141,frame,9
811,49.82952180004213,4,13.516687500057742,frame,111
829,50.129725900013,4,13.816892600036226,frame,1
847,50.429623499978334,4,14.116789399995469,frame,8
865,50.72956060001161,4,14.416726100025699,frame,110
883,51.02954719995614,4,14.71671269997023,frame,3
901,51.32958639995195,4,15.016751799965277,frame,6
919,51.62943890003953,4,15.316604500054382,frame,105
937,51.92949739994947,4,15.61666299996432,frame,4
955,52.22964230005164,4,15.91680839995388,frame,2
973,52.52965060004499,4,16.21681669994723,frame,110
991,52.829658700036816,4,16.516824800055474,frame,3
1009,53.1296545000514,4,16.816820799955167,frame,6
1027,53.429580299998634,4,17.11674570001196,frame,105
1045,53.72957750002388,4,17.416742800036445,frame,4
1063,54.02957969997078,4,17.71674509998411,frame,2
1081,54.329578800010495,4,18.016744300024584,frame,111
1099,54.6295893000206,4,18.316754700033925,frame,1
1117,54.929588999948464,4,18.616754499962553,frame,8
1135,55.22944859997369,4,18.916614199988544,frame,110
1153,55.52958780003246,4,19.216753700049594,frame,3
1171,55.82959700003266,4,19.51676240004599,frame,6
1189,56.12961030006409,4,19.816775899962522,frame,111
1207,56.4296209999593,4,20.11678679997567,frame,1
1225,56.72961379995104,4,20.41677949996665,frame,8
1243,57.02961960004177,4,20.716785500058904,frame,110
1261,57.32973390002735,4,21.0169008000521,frame,3
1279,57.62975960003678,4,21.316926200059243,frame,6
1297,57.92961989995092,4,21.61678539996501,frame,105
1315,58.22949960001279,4,21.916665200027637,frame,4
1333,58.52962269994896,4,22.216788199963048,frame,2
1351,58.82961110002361,4,22.516776900039986,frame,111
1369,59.12965969997458,4,22.816825299989432,frame,1
1387,59.429768400033936,4,23.116935300058685,frame,8
1405,59.72965180000756,4,23.416817700024694,frame,112
1423,60.02965300006326,4,23.71681879996322,frame,7
1441,60.32967839995399,4,24.016844199970365,frame,9
1459,60.629656499950215,4,24.316822199965827,frame,110
1477,60.92967049998697,4,24.616836600005627,frame,3
1495,61.229664299986325,4,24.91683030000422,frame,6
1513,61.529803800047375,4,25.21697079995647,frame,111
1531,61.82980940002017,4,25.516976200044155,frame,1
1549,62.12975169997662,4,25.816918800002895,frame,8
1567,62.42810619994998,4,26.115276199998334,frame,105
1585,62.72961330006365,4,26.41677869996056,frame,4
1603,63.0297243000241,4,26.716891000047326,frame,2
1621,63.32974039996043,4,27.01690679998137,frame,112
1639,63.62967599998228,4,27.31684139999561,frame,7
1657,63.929717599996366,4,27.616883700015023,frame,9
1675,64.22973919997457,4,27.916905299993232,frame,111
1693,64.5297040999867,4,28.216870500007644,frame,1
1711,64.82971900003031,4,28.516885100048967,frame,8
1729,65.12975079996977,4,28.816916799987666,frame,112
1747,65.42972869996447,4,29.11689489998389,frame,7
1765,65.72955789999105,4,29.41672340000514,frame,9
1783,66.02797130006365,4,29.715139799984172,frame,105
1801,66.32974379998632,4,30.01690960000269,frame,4
1819,66.62824200000614,4,30.3154205000028,frame,2
1837,66.92966839997098,4,30.616833699983545,frame,111
1855,67.22965880006086,4,30.916824199957773,frame,1
1873,67.52823090006132,4,31.21540109999478,frame,8
1891,67.82974519999698,4,31.51691080001183,frame,112
1909,68.12966460001189,4,31.81683000002522,frame,7
1927,68.42967350000981,4,32.11683890002314,frame,9
1945,68.72983760002535,4,32.41700420004781,frame,110
1963,69.02983879996464,4,32.7170053999871,frame,3
1981,69.32794540002942,4,33.01511339994613,frame,6
1999,69.62971360003576,4,33.316879100049846,frame,112
2017,69.92967860004865,4,33.61684419994708,frame,7
2035,70.22982939996291,4,33.91699579998385,frame,9
2053,70.52985659998376,4,34.21702370001003,frame,105
2071,70.82991910004057,4,34.51708659995347,frame,4
2089,71.1296932999976,4,34.816858700010926,frame,2
2107,71.42968539998401,4,35.11685099999886,frame,111
2125,71.7296967000002,4,35.416862300015055,frame,1
2143,72.02812140004244,4,35.71529119997285,frame,8
2161,72.32970580004621,4,36.01687120005954,frame,110
2179,72.62831960001495,4,36.31549069995526,frame,3
2197,72.92972969997209,4,36.61689499998465,frame,6
2215,73.22977480001282,4,36.91694100003224,frame,111
2233,73.52978800004348,4,37.216954199946485,frame,1
2251,73.82799190003425,4,37.51515949994791,frame,8
2269,74.12978219997603,4,37.81694859999698,frame,112
2287,74.42988720000722,4,38.117054100031964,frame,7
2305,74.7298380000284,4,38.41700460005086,frame,9
2323,75.02985799999442,4,38.7170243000146,frame,105
2341,75.32982930005528,4,39.01699589996133,frame,4
2359,75.62833350000437,4,39.31550450006034,frame,2
2377,75.92978500004392,4,39.61695060005877,frame,110
2395,76.22977450001054,4,39.91694020002615,frame,3
2413,76.52975900005549,4,40.21692429995164,frame,6
2431,76.82996879995335,4,40.51713589997962,frame,112
2449,77.12976899999194,4,40.816934400005266,frame,7
2467,77.42991399997845,4,41.11708070000168,frame,9
2485,77.7297759000212,4,41.416941400035284,frame,110
2503,78.02974350005388,4,41.716908899950795,frame,3
2521,78.32967450004071,4,42.0168400000548,frame,6
2539,78.62993819999974,4,42.31710520002525,frame,111
2557,78.9297804000089,4,42.61694640002679,frame,1
2575,79.22985310002696,4,42.91701970004942,frame,8
2593,79.52983580005821,4,43.21700189996045,frame,110
2611,79.82830020005349,4,43.515471299993806,frame,3
2629,80.1299435000401,4,43.81711019994691,frame,6
2647,80.4299280999694,4,44.117094599991105,frame,105
2665,80.729919699952,4,44.417086599976756,frame,4
2683,81.0299283999484,4,44.71709489997011,frame,2
2701,81.32976090000011,4,45.0169264000142,frame,110
2719,81.62832010001875,4,45.31549069995526,frame,3
2737,81.92974239995237,4,45.6169077999657,frame,6
2755,82.22980009997264,4,45.916965599986725,frame,112
2773,82.52980979997665,4,46.2169753999915,frame,7
2791,82.8297546999529,4,46.51692019996699,frame,9
2809,83.1298069000477,4,46.816972699947655,frame,110
2827,83.42981760005932,4,47.11698339995928,frame,3
2845,83.72972129995469,4,47.41688679996878,frame,6
2863,84.02822400000878,4,47.715394599945284,frame,105
2881,84.32962830003817,4,48.01679360005073,frame,4
2899,84.62809879996348,4,48.31526579998899,frame,2
2917,84.92983150004875,4,48.61699749995023,frame,110
2935,85.22988160001114,4,48.917047500028275,frame,3
2953,85.52987900003791,4,49.217044400051236,frame,6
2971,85.82977790001314,4,49.51694340002723,frame,105
2989,86.12986810004804,4,49.81703399994876,frame,4
3007,86.42834059998859,4,50.11551170004532,frame,2
3025,86.72991870006081,4,50.41708549996838,frame,110
3043,87.02804839995224,4,50.7152157999808,frame,3
3061,87.33002080000006,4,51.01718750002328,frame,6
3079,87.6299580000341,4,51.31712470005732,frame,112
3097,87.92997329996433,4,51.617139899986796,frame,7
3115,88.22995840001386,4,51.91712550004013,frame,9
3133,88.53261210001074,4,52.219778800033964,frame,105
3151,88.82999740005471,4,52.517163899959996,frame,4
3169,89.12981129996479,4,52.81697649997659,frame,2
3187,89.42992220004089,4,53.11708830005955,frame,111
3205,89.72991979995277,4,53.41708599997219,frame,1
3223,90.0299230000237,4,53.71708920004312,frame,8
3241,90.32994650001638,4,54.01711290003732,frame,112
3259,90.62999160005711,4,54.31715799996164,frame,7
3277,90.92993660003413,4,54.617102800053544,frame,9
3295,91.2299288000213,4,54.91709500004072,frame,110
3313,91.52996549999807,4,55.217132000019774,frame,3
3331,91.82806169998366,4,55.51522930001374,frame,6
3349,92.1298717999598,4,55.81703739997465,frame,105
3367,92.4299130999716,4,56.11707879998721,frame,4
3385,92.72986940003466,4,56.41703490004875,frame,2
3403,93.02996239997447,4,56.71712909999769,frame,112
3421,93.32999470003415,4,57.01716080005281,frame,7
3439,93.62994779995643,4,57.317113899975084,frame,9
3457,93.930010400014,4,57.6171769000357,frame,111
3475,94.23001709999517,4,57.917184000019915,frame,1
3493,94.53002349997405,4,58.21718999999575,frame,8
3511,94.82998969999608,4,58.51715690002311,frame,112
3529,95.13002479996067,4,58.817191699985415,frame,7
3547,95.42986250005197,4,59.11702789994888,frame,9
3565,95.72996599995531,4,59.41713229997549,frame,111
3583,96.0299283999484,4,59.717094699968584,frame,1
3601,96.32970430003479,4,60.01686960004736,frame,8
3619,96.62986099999398,4,60.31702640000731,frame,110
3637,96.9299954000162,4,60.61716180003714,frame,3
3655,97.2298732000636,4,60.917038599960506,frame,6
3673,97.5300190000562,4,61.21718579996377,frame,105
3691,97.83006820001174,4,61.517235000035726,frame,4
3709,98.13004119996913,4,61.817207899992354,frame,2
3727,98.42834250000305,4,62.11551310005598,frame,111
3745,98.73000840004534,4,62.41717459994834,frame,1
3763,99.02997999999207,4,62.717146200011484,frame,8
3781,99.33000289998017,4,63.01716950000264,frame,105
3799,99.63018860004377,4,63.31735420005862,frame,4
3817,99.9297959000105,4,63.616961500025354,frame,2
3835,100.22843789996114,4,63.9156084000133,frame,111
3853,100.5284321999643,4,64.21560270001646,frame,1
3871,100.82995120005216,4,64.51711699995212,frame,8
3889,101.12814399995841,4,64.81531199999154,frame,110
3907,101.42996950005181,4,65.11713579995558,frame,3
3925,101.72995770000853,4,65.41712390002795,frame,6
3943,102.02814740000758,4,65.7153149000369,frame,111
3961,102.32844750001095,4,66.01561879995279,frame,1
3979,102.63007399998605,4,66.31724060000852,frame,8
3997,102.92846780002583,4,66.61563869996462,frame,110
4015,103.22991400002502,4,66.91707960003987,frame,3
4033,103.52844430005644,4,67.2156149999937,frame,6
4051,103.82844620000105,4,67.51561680005398,frame,112
4069,104.1299519999884,4,67.81711780000478,frame,7
4087,104.43007810006384,4,68.11724479997065,frame,9
4105,104.72991450002883,4,68.41708000004292,frame,105
4123,105.0299530000193,4,68.71711860003415,frame,4
4141,105.33007250004448,4,69.01723939995281,frame,2
4159,105.63007139996625,4,69.31723809998948,frame,110
4177,105.92994199995883,4,69.61710749997292,frame,3
4195,106.23008769995067,4,69.91725419997238,frame,6
4213,106.53016069997102,4,70.21732809999958,frame,112
4231,106.828474799986,4,70.51564530003816,frame,7
4249,107.13010680000298,4,70.81727330002468,frame,9
4267,107.42847799998708,4,71.11564870004077,frame,105
4285,107.72847560001537,4,71.4156463999534,frame,4
4303,108.02997699996922,4,71.71714269998483,frame,2
4321,108.32999360002577,4,72.01715940004215,frame,112
4339,108.62998389999848,4,72.31714960001409,frame,7
4357,108.92998370004352,4,72.61714930005837,frame,9
4375,109.22995900001843,4,72.91712430003099,frame,110
4393,109.52995660004672,4,73.21712200006004,frame,3
4411,109.83006790000945,4,73.51723410002887,frame,6
4429,110.13005779997911,4,73.81722430000082,frame,112
4447,110.42849469999783,4,74.11566640005913,frame,7
4465,110.73021870001685,4,74.41738730005454,frame,9
4483,111.02839089999907,4,74.71556050004438,frame,111
4501,111.33000790001824,4,75.01717410003766,frame,1
4519,111.63007079996169,4,75.31723719998263,frame,8
4537,111.9300554000074,4,75.61722180002835,frame,110
4555,112.23006079997867,4,75.91722719999962,frame,3
4573,112.53007610002533,4,76.21724280004855,frame,6
4591,112.83008520002477,4,76.51725150004495,frame,112
4609,113.13002869999036,4,76.81719530001283,frame,7
4627,113.43022390000988,4,77.1173914000392,frame,9
4645,113.7283947999822,4,77.4155644000275,frame,110
4663,114.02851430000737,4,77.71568500006106,frame,3
4681,114.33014990005177,4,78.0173167999601,frame,6
4699,114.63014919997659,4,78.31731579999905,frame,105
4717,114.93013260001317,4,78.61729910003487,frame,4
4735,115.23012830002699,4,78.91729500005022,frame,2
4753,115.52852839999832,4,79.215699100052,frame,110
4771,115.83004030003212,4,79.51720580004621,frame,3
4789,116.12824310001452,4,79.8154107000446,frame,6
4807,116.4300267000217,4,80.11719240003731,frame,112
4825,116.73013519996312,4,80.41730179998558,frame,7
4843,117.03013870003633,4,80.71730540005956,frame,9
4861,117.3300462999614,4,81.01721239998005,frame,110
4879,117.63002819998655,4,81.31719390000217,frame,3
4897,117.93015060003381,4,81.61731720005628,frame,6
4915,118.23016170004848,4,81.91732849995606,frame,112
4933,118.53016299998853,4,82.21732970001176,frame,7
4951,118.83020510000642,4,82.51737180002965,frame,9
4969,119.13016369997058,4,82.8173303999938,frame,111
4987,119.43016240000725,4,83.117329300032,frame,1
5005,119.73016399994958,4,83.41733109997585,frame,8
5023,120.03018240001984,4,83.71734930004459,frame,105
5041,120.32855430000927,4,84.01572539994959,frame,4
5059,120.63021119998302,4,84.31737840001006,frame,2
5077,120.92858760000672,4,84.61576640000567,frame,112
5095,121.22856059996411,4,84.91573210002389,frame,7
5113,121.5300490000518,4,85.217214699951,frame,9
5131,121.83026069996413,4,85.5174277999904,frame,111
5149,122.13026290002745,4,85.817430300056,frame,1
5167,122.42827370006125,4,86.11544079997111,frame,8
5185,122.72827409999445,4,86.41544180002529,frame,105
5203,123.03004600002896,4,86.71721150004305,frame,4
5221,123.32857689994853,4,87.01574750000145,frame,2
5239,123.62857569998596,4,87.31574710004497,frame,110
5257,123.92857610003557,4,87.61574669997208,frame,3
5275,124.23002410004847,4,87.9171896999469,frame,6
5293,124.53021320002154,4,88.21738010004628,frame,112
5311,124.83022470003925,4,88.51739139994606,frame,7
5329,125.13020650006365,4,88.8173730999697,frame,9
5347,125.43008389999159,4,89.1172496000072,frame,105
5365,125.73007299995515,4,89.41723869997077,frame,4
5383,126.03004810004495,4,89.71721360005904,frame,2
5401,126.33023379999213,4,90.0174009000184,frame,110
5419,126.63019980001263,4,90.31736650003586,frame,3
5437,126.93023349996656,4,90.61740019998979,frame,6
5455,127.2302249999484,4,90.91739139996935,frame,111
5473,127.52860890002921,4,91.21577969996724,frame,1
5491,127.82860580005217,4,91.51577649998944,frame,8
5509,128.12861020001583,4,91.81578109995462,frame,110
5527,128.42860079999082,4,92.11577140004374,frame,3
5545,128.72861330001615,4,92.41578389995266,frame,6
5563,129.02862200001255,4,92.7157929999521,frame,111
5581,129.33009659999516,4,93.01726190000772,frame,1
5599,129.62867060001008,4,93.31584119994659,frame,8
5617,129.93011399998795,4,93.61727980000433,frame,112
5635,130.23025330004748,4,93.91742019995581,frame,7
5653,130.5286329999799,4,94.21580370003358,frame,9
5671,130.82866410003044,4,94.51583569997456,frame,110
5689,131.12862420000602,4,94.81579480005894,frame,3
5707,131.4286865000613,4,95.1158574000001,frame,6
5725,131.73018559999764,4,95.41735130001325,frame,105
5743,132.02871410001535,4,95.71589099999983,frame,4
5761,132.33011760003865,4,96.0172837000573,frame,2
5779,132.62862990004942,4,96.31580119999126,frame,112
5797,132.93013039999641,4,96.61729630001355,frame,7
5815,133.23013579996768,4,96.91730179998558,frame,9
5833,133.53013119997922,4,97.21729689999484,frame,105
5851,133.8302004999714,4,97.51736599998549,frame,4
5869,134.13013800000772,4,97.81730390002485,frame,2
5887,134.43014269997366,4,98.11730859999079,frame,112
5905,134.73016020003706,4,98.41732620005496,frame,7
5923,135.03016329999082,4,98.71732910000719,frame,9
5941,135.33013769995887,4,99.01730349997524,frame,105
5959,135.63016760000028,4,99.31733370001893,frame,4
5977,135.92851290002,4,99.61568239994813,frame,2
5995,136.22855919995345,4,99.91572849999648,frame,111
6013,136.52865300001577,4,100.21582349995151,frame,1
6031,136.83024609996937,4,100.51741249999031,frame,8
6049,137.13021690002643,4,100.81738300004508,frame,110
6067,137.43019300000742,4,101.11735900002532,frame,3
6085,137.73024539998733,4,101.41741210001055,frame,6
6103,138.0302243999904,4,101.71739080001134,frame,105
6121,138.3304057000205,4,102.01757310004905,frame,4
6139,138.62857589998748,4,102.31574530003127,frame,2
6157,138.9286750999745,4,102.61584570002742,frame,111
6175,139.22867640003096,4,102.915847199969,frame,1
6193,139.52867450006306,4,103.21584540000185,frame,8
6211,139.82871629996225,4,103.5158871000167,frame,105
6229,140.13022619998083,4,103.817392500001,frame,4
6247,140.43023349996656,4,104.1173998999875,frame,2
6265,140.73024689999875,4,104.4174130000174,frame,111
6283,141.03023340005893,4,104.71739979996346,frame,1
6301,141.3302088000346,4,105.01737510005478,frame,8
6319,141.63030109996907,4,105.31746799999382,frame,110
6337,141.93012649996672,4,105.61729169997852,frame,3
6355,142.2302099999506,4,105.91737619997002,frame,6
6373,142.5302380999783,4,106.21740399999544,frame,111
6391,142.8303338000551,4,106.51750079996418,frame,1
6409,143.13033059996087,4,106.8174972999841,frame,8
6427,143.42862769996282,4,107.11579730000813,frame,112
6445,143.7287158999825,4,107.41588650003541,frame,7
6463,144.03018080000766,4,107.71734620002098,frame,9
6481,144.33025040000211,4,108.01741680002306,frame,111
6499,144.62868159997743,4,108.31585190002806,frame,1
6517,144.92871630005538,4,108.61588699999265,frame,8
6535,145.22870700003114,4,108.91587739996612,frame,105
6553,145.5301693000365,4,109.21733450004831,frame,4
6571,145.83025830006227,4,109.51742449996527,frame,2
6589,146.1302399999695,4,109.81740599998739,frame,111
6607,146.4302475999575,4,110.11741369997617,frame,1
6625,146.73027609998826,4,110.4174425000092,frame,8
6643,147.03028169996105,4,110.71744789998047,frame,105
6661,147.3303017000435,4,111.01746799994726,frame,4
6679,147.6301519999979,4,111.31731770001352,frame,2
6697,147.93023040005937,4,111.61739589995705,frame,111
6715,148.2302067000419,4,111.91737220005598,frame,1
6733,148.5283986000577,4,112.21556549996603,frame,8
6751,148.8304054000182,4,112.5175722000422,frame,110
6769,149.12873880006373,4,112.81591020000633,frame,3
6787,149.42873709998094,4,113.11590770003386,frame,6
6805,149.728741500061,4,113.41591229999904,frame,112
6823,150.02880029997323,4,113.71597120002843,frame,7
6841,150.3301335000433,4,114.01729870005511,frame,9
6859,150.6285100999521,4,114.31567829998676,frame,110
6877,150.92878129996825,4,114.61595250002574,frame,3
6895,151.22876229998656,4,114.91593270003796,frame,6
6913,151.52875060006045,4,115.2159216,frame,111
6931,151.82875390001573,4,115.51592449995223,frame,1
6949,152.12876260001212,4,115.81593319994863,frame,8
6967,152.42876300006174,4,116.11593420000281,frame,110
6985,152.73021790001076,4,116.41738330002408,frame,3
7003,153.0302451000316,4,116.7174106000457,frame,6
7021,153.33014159998856,4,117.01730710000265,frame,112
7039,153.63031459995545,4,117.31748109997716,frame,7
7057,153.93033290002495,4,117.61749950004742,frame,9
7075,154.23034889996052,4,117.9175151999807,frame,110
7093,154.52845460001845,4,118.21562190004624,frame,3
7111,154.8287784999702,4,118.51594990002923,frame,6
7129,155.1287764000008,4,118.81594690005295,frame,112
7147,155.4302533000009,4,119.117418800015,frame,7
7165,155.73026089998893,4,119.4174262000015,frame,9
7183,156.03034699999262,4,119.7175133000128,frame,105
7201,156.33023169997614,4,120.01739689998794,frame,4
7219,156.62878070003353,4,120.31595109996852,frame,2
7237,156.92878750001546,4,120.61595769994892,frame,110
7255,157.22878490004223,4,120.91595529997721,frame,3
7273,157.52878349996172,4,121.21595380001236,frame,6
7291,157.82859499996994,4,121.51576360000763,frame,105
7309,158.12879610003438,4,121.81596689997241,frame,4
7327,158.4287910000421,4,122.11596229998395,frame,2
7345,158.7287982000271,4,122.41596859996207,frame,111
7363,159.02879350003786,4,122.71596459997818,frame,1
7381,159.3288026000373,4,123.01597329997458,frame,8
7399,159.62876480002888,4,123.31593569996767,frame,112
7417,159.92880270001478,4,123.61597329995129,frame,7
7435,160.22880709997844,4,123.91597810003441,frame,9
7453,160.52880850003567,4,124.2159792999737,frame,111
7471,160.82883020001464,4,124.51600099995267,frame,1
7489,161.1302122999914,4,124.81737780000549,frame,8
7507,161.42881800001487,4,125.11598859995138,frame,110
7525,161.7288185999496,4,125.4159886999987,frame,3
7543,162.02881259995047,4,125.71598310000263,frame,6
7561,162.3288655000506,4,126.01603649999015,frame,111
7579,162.62878889997955,4,126.31595950003248,frame,1
7597,162.92882090003695,4,126.61599149997346,frame,8
7615,163.22882750001736,4,126.91599839995615,frame,110
7633,163.52883059997112,4,127.2160013000248,frame,3
7651,163.8303788000485,4,127.51754449994769,frame,6
7669,164.12853820004966,4,127.81570519995876,frame,112
7687,164.42855369998142,4,128.11572120001074,frame,7
7705,164.72886999999173,4,128.4160418000538,frame,9
7723,165.0288450999651,4,128.71601620002184,frame,111
7741,165.33017370000016,4,129.0173391000135,frame,1
7759,165.6302969000535,4,129.31746249995194,frame,8
7777,165.93030090001412,4,129.61746630002744,frame,112
7795,166.2303754000459,4,129.91754149994813,frame,7
7813,166.5303794000065,4,130.21754530002363,frame,9
7831,166.8304098000517,4,130.51757569995243,frame,105
7849,167.13037509995047,4,130.8175412999699,frame,4
7867,167.43038390006404,4,131.11754959996324,frame,2
7885,167.730396799976,4,131.41756269999314,frame,111
7903,168.0303935999982,4,131.7175596000161,frame,1
7921,168.3303462000331,4,132.01751230005175,frame,8
7939,168.63039559999015,4,132.31756140000653,frame,110
7957,168.93038459995296,4,132.61755059997085,frame,3
7975,169.23039779998362,4,132.91756370000076,frame,6
7993,169.53039630001877,4,133.21756250003818,frame,111
8011,169.83029039995745,4,133.51745659997687,frame,1
8029,170.13038480002433,4,133.8175506000407,frame,8
8047,170.4304056999972,4,134.1175717000151,frame,110
8065,170.73038900003303,4,134.41755500005092,frame,3
8083,171.03037020005286,4,134.71753589995205,frame,6
8101,171.33042210002895,4,135.01758810004685,frame,112
8119,171.630413100007,4,135.31757920002565,frame,7
8137,171.930410400033,4,135.61757620004937,frame,9
8155,172.23041680001188,4,135.91758290003054,frame,110
8173,172.5304249000037,4,136.2175909000216,frame,3
8191,172.83043460000772,4,136.5176004000241,frame,6
8209,173.1285571999615,4,136.8157252999954,frame,105
8227,173.4288945000153,4,137.11606529995333,frame,4
8245,173.728897199966,4,137.41606810002122,frame,2
8263,174.02889009995852,4,137.71606090001296,frame,111
8281,174.3289466999704,4,138.01611770002637,frame,1
8299,174.62890969996806,4,138.31608060002327,frame,8
8317,174.92890229995828,4,138.61607260000892,frame,112
8335,175.22890290000942,4,138.91607340006158,frame,7
8353,175.52889700001106,4,139.2160677999491,frame,9
8371,175.8289555000374,4,139.51612619997468,frame,111
8389,176.13038970006164,4,139.81755529996008,frame,1
8407,176.43037990003359,4,140.11754520004615,frame,8
8425,176.730386500014,4,140.4175517000258,frame,105
8443,177.03038939996623,4,140.7175546999788,frame,4
8461,177.33041269995738,4,141.01757849997375,frame,2
8479,177.63037519995123,4,141.3175404999638,frame,110
8497,177.9305526999524,4,141.61771989997942,frame,3
8515,178.23053349996917,4,141.91770029999316,frame,6
8533,178.53054559999146,4,142.21771240001544,frame,112
8551,178.83054130000528,4,142.51770770002622,frame,7
8569,179.13054359995294,4,142.8177101999754,frame,9
8587,179.4289205999812,4,143.1160908000311,frame,105
8605,179.72858939995058,4,143.4157552999677,frame,4
8623,180.02868590003345,4,143.71585469995625,frame,2
8641,180.32894110004418,4,144.01611129997764,frame,111
8659,180.62893939996138,4,144.31611020001583,frame,1
8677,180.9289353999775,4,144.61610610003117,frame,8
8695,181.22895819996484,4,144.9161295000231,frame,105
8713,181.52895649999846,4,145.21612710005138,frame,4
8731,181.82893259997945,4,145.51610400003847,frame,2
8749,182.1289413999766,4,145.81611220003106,frame,110
8767,182.42897120001726,4,146.11614189995453,frame,3
8785,182.72895250003785,4,146.4161234999774,frame,6
8803,183.0289440000197,4,146.71611479995772,frame,105
8821,183.3289756999584,4,147.01614630001131,frame,4
8839,183.6289518000558,4,147.3161226999946,frame,2
8857,183.92895900004078,4,147.6161297999788,frame,110
8875,184.2289582999656,4,147.91612940002233,frame,3
8893,184.528934400063,4,148.21610570000485,frame,6
8911,184.82897100003902,4,148.5161416999763,frame,111
8929,185.1289753000019,4,148.81614580005407,frame,1
8947,185.42897949996404,4,149.11614930001087,frame,8
8965,185.72896830004174,4,149.41613959998358,frame,105
8983,186.02897019998636,4,149.7161415000446,frame,4
9001,186.32899319997523,4,150.01616410003044,frame,2
9019,186.63150290003978,4,150.31867329997476,frame,112
9037,186.92898890003562,4,150.61615989997517,frame,7
9055,187.22898310003802,4,150.91615369997453,frame,9
9073,187.53043749998324,4,151.21760340000037,frame,110
9091,187.83043339999858,4,151.51759900001343,frame,3
9109,188.130461200024,4,151.81762660003733,frame,6
9127,188.4304588000523,4,152.1176241999492,frame,105
9145,188.7304601999931,4,152.41762550000567,frame,4
9163,189.03044030000456,4,152.7176059000194,frame,2
9181,189.33041639998555,4,153.01758169999812,frame,110
9199,189.6304670999525,4,153.31763239996508,frame,3
9217,189.93044599995483,4,153.61761109996587,frame,6
9235,190.2304443999892,4,153.91760980000254,frame,105
9253,190.53048329998273,4,154.21764869999606,frame,4
9271,190.8305257000029,4,154.5176909000147,frame,2
9289,191.13060929998755,4,154.81777610001154,frame,112
9307,191.43061909999233,4,155.1177857000148,frame,7
9325,191.7306217000587,4,155.41778849996626,frame,9
9343,192.0304772000527,4,155.71764249994885,frame,111
9361,192.33053829998244,4,156.0177040999988,frame,1
9379,192.63061160000507,4,156.31777810002677,frame,8
9397,192.93059170001652,4,156.6177580000367,frame,105
9415,193.23056789999828,4,156.91773430001922,frame,4
9433,193.5305817000335,4,157.2177482000552,frame,2
9451,193.83058399998117,4,157.5177507000044,frame,110
9469,194.1305854000384,4,157.81775180005934,frame,3
9487,194.43057810002938,4,158.1177443000488,frame,6
9505,194.73061149998102,4,158.41777770000044,frame,105
9523,195.0305980000412,4,158.71776459994726,frame,4
9541,195.33058309997432,4,159.01774949999526,frame,2
9559,195.62884410005063,4,159.31601199996658,frame,110
9577,195.93036470003426,4,159.6175303000491,frame,3
9595,196.23050920001697,4,159.91767490003258,frame,6
9613,196.53050350002013,4,160.21766900003422,frame,112
9631,196.83048650005367,4,160.5176520999521,frame,7
9649,197.13049839995801,4,160.81766429997515,frame,9
9667,197.43064649996813,4,161.11781329999212,frame,111
9685,197.7306725999806,4,161.4178394000046,frame,1
9703,198.0306359999813,4,161.71780290000606,frame,8
9721,198.33065639995039,4,162.0178230999736,frame,112
9739,198.63064270000905,4,162.3178093000315,frame,7
9757,198.93064559996128,4,162.6178122999845,frame,9
9775,199.23064269998576,4,162.9178091000067,frame,105
9793,199.53064400004223,4,163.2178107999498,frame,4
9811,199.83063990005758,4,163.5178062999621,frame,2
9829,200.13066080003045,4,163.81782760005444,frame,112
9847,200.43063980003353,4,164.11780630005524,frame,7
9865,200.73058199998923,4,164.4177486000117,frame,9
9883,201.03064170002472,4,164.7178085000487,frame,105
9901,201.33063610002864,4,165.0178030000534,frame,4
9919,201.63063699996565,4,165.3178035999881,frame,2
9937,201.93065200001,4,165.61781860003248,frame,111
9955,202.2306417999789,4,165.9178080999991,frame,1
9973,202.5306499999715,4,166.21781639999244,frame,8
9991,202.83068679994904,4,166.5178533999715,frame,105
10009,203.13066769996658,4,166.81783399998676,frame,4
10027,203.43067469995003,4,167.1178412999725,frame,2
10045,203.72885900002439,4,167.4160270000575,frame,110
10063,204.0290793000022,4,167.71625010005664,frame,3
10081,204.32912540005054,4,168.0162960999878,frame,6
10099,204.62908940005582,4,168.3162600999931,frame,105
10117,204.92908979998901,4,168.61626060004346,frame,4
10135,205.22908189997543,4,168.91625270002987,frame,2
10153,205.53053079999518,4,169.2176962000085,frame,110
10171,205.83048480004072,4,169.5176501000533,frame,3
10189,206.1305957000004,4,169.81776180001907,frame,6
10207,206.4288487000158,4,170.11601690005045,frame,111
10225,206.7290903000394,4,170.41626109997742,frame,1
10243,207.02913240005728,4,170.71630259999074,frame,8
10261,207.33055009995587,4,171.0177154999692,frame,105
10279,207.6305401000427,4,171.31770540005527,frame,4
10297,207.93054269999266,4,171.61770810000598,frame,2
10315,208.23055089998525,4,171.91771670000162,frame,111
10333,208.53058989997953,4,172.21775529999286,frame,1
10351,208.83058179996442,4,172.51774749998003,frame,8
10369,209.13055260002147,4,172.81771790003404,frame,110
10387,209.43054940004367,4,173.11771470005624,frame,3
10405,209.7305644999724,4,173.41772979998495,frame,6
10423,210.03056109999306,4,173.71772680000868,frame,105
10441,210.3304920999799,4,174.01765850000083,frame,4
10459,210.63075160002336,4,174.3179185000481,frame,2
10477,210.93073240004014,4,174.61789929994848,frame,110
10495,211.2307275000494,4,174.91789429995697,frame,3
10513,211.53072909999173,4,175.21789550001267,frame,6
10531,211.83065030002035,4,175.5178159000352,frame,112
10549,212.12885550002102,4,175.8160231000511,frame,7
10567,212.42913399997633,4,176.11630480003078,frame,9
10585,212.72913730004802,4,176.41630809998605,frame,111
10603,213.02914360002615,4,176.7163140999619,frame,1
10621,213.33057520003058,4,177.01774080004543,frame,8
10639,213.63057060004212,4,177.31773620005697,frame,112
10657,213.93062600004487,4,177.6177918999456,frame,7
10675,214.23062619997654,4,177.91779169999063,frame,9
10693,214.53063319996,4,178.21779879997484,frame,105
10711,214.8306362000294,4,178.51780210004654,frame,4
10729,215.13063619995955,4,178.8178020999767,frame,2
10747,215.4306378000183,4,179.11780340003315,frame,111
10765,215.73065070004668,4,179.41781649994664,frame,1
10783,216.03063259995542,4,179.71779829997104,frame,8
10801,216.33053669997025,4,180.01770249998663,frame,110
10819,216.63073970004916,4,180.3179052999476,frame,3
10837,216.93061080004554,4,180.61777630005963,frame,6
10855,217.23061670002062,4,180.91778260003775,frame,105
10873,217.53062189999036,4,181.21778740000445,frame,4
10891,217.8291814000113,4,181.51635229995009,frame,2
10909,218.12917470000684,4,181.81634490005672,frame,112
10927,218.42916709999554,4,182.11633820005227,frame,7
10945,218.72916510002688,4,182.4163358999649,frame,9
10963,219.03062480001245,4,182.7177904000273,frame,105
10981,219.33073539996985,4,183.01790169999003,frame,4
10999,219.6291682999581,4,183.31633920001332,frame,2
11017,219.92918420000933,4,183.6163553999504,frame,111
11035,220.22917990002315,4,183.91635049995966,frame,1
11053,220.52918359998148,4,184.21635390003212,frame,8
11071,220.82919940003194,4,184.5163703999715,frame,110
11089,221.13063030003104,4,184.81779570004437,frame,3
11107,221.430541299982,4,185.11770659999456,frame,6
11125,221.73063929995988,4,185.41780459997244,frame,111
11143,222.03062970004976,4,185.71779490006156,frame,1
11161,222.3305022000568,4,186.01766749995295,frame,8
11179,222.6305717000505,4,186.31773719994817,frame,105
11197,222.93063459999394,4,186.61780000000726,frame,4
11215,223.2306452000048,4,186.91781060001813,frame,2
11233,223.53065500000957,4,187.2178204000229,frame,111
11251,223.83059639995918,4,187.51776189997327,frame,1
11269,224.13058390002698,4,187.81774970004335,frame,8
11287,224.430627200054,4,188.11779249995016,frame,105
11305,224.73065509996377,4,188.41782069997862,frame,4
11323,225.03066749998834,4,188.7178331000032,frame,2
11341,225.33066890004557,4,189.0178343000589,frame,111
11359,225.63066929997876,4,189.31783479999285,frame,1
11377,225.93083219998516,4,189.61799950001296,frame,8
11395,226.23083210003097,4,189.9179988000542,frame,105
11413,226.53085229999851,4,190.21801920002326,frame,4
11431,226.83082290005405,4,190.51798989996314,frame,2
11449,227.13085139996838,4,190.8180180999916,frame,110
11467,227.43085320002865,4,191.11801990005188,frame,3
11485,227.73061460000463,4,191.41778020001948,frame,6
11503,228.02888300002087,4,191.7160507000517,frame,112
11521,228.3292863999959,4,192.01645700004883,frame,7
11539,228.62924949999433,4,192.31642040004954,frame,9
11557,228.92923610005528,4,192.6164068999933,frame,111
11575,229.2292371999938,4,192.91640820004977,frame,1
11593,229.52924609999172,4,193.2164163000416,frame,8
11611,229.82926460006274,4,193.51643540000077,frame,112
11629,230.12925610004459,4,193.81642699998338,frame,7
11647,230.4292500000447,4,194.1164213999873,frame,9
11665,230.73063440003898,4,194.4177998000523,frame,105
11683,231.03069719998166,4,194.717862599995,frame,4
11701,231.33055009995587,4,195.01771559996996,frame,2
11719,231.6307009999873,4,195.3178665000014,frame,110
11737,231.93069880001713,4,195.6178641000297,frame,3
11755,232.23070379998535,4,195.91786909999792,frame,6
11773,232.5307041000342,4,196.2178696000483,frame,105
11791,232.83058690000325,4,196.51775240001734,frame,4
11809,233.13070670003071,4,196.81787240004633,frame,2
11827,233.43070130003616,4,197.1178667000495,frame,110
11845,233.7307373000076,4,197.4179028000217,frame,3
11863,234.02927499997895,4,197.71644600003492,frame,6
11881,234.3292730000103,4,198.01644379994832,frame,111
11899,234.62928290001582,4,198.31645369995385,frame,1
11917,234.92927700001746,4,198.6164482999593,frame,8
11935,235.22927510004956,4,198.91644659999292,frame,112
11953,235.5292811000254,4,199.21645219996572,frame,7
11971,235.8293069000356,4,199.5164774999721,frame,9
11989,236.12929349998012,4,199.81646440003533,frame,111
12007,236.42929720005486,4,200.1164684999967,frame,1
12025,236.7292837999994,4,200.41645410005003,frame,8
12043,237.02929720003158,4,200.71646789996885,frame,110
12061,237.3293188000098,4,201.0164893999463,frame,3
12079,237.62930679996498,4,201.31647750001866,frame,6
12097,237.92930439999327,4,201.61647480004467,frame,111
12115,238.22930520004593,4,201.91647569998167,frame,1
12133,238.53075749997515,4,202.21792279998772,frame,8
12151,238.83084019995295,4,202.5180065999739,frame,105
12169,239.13092779996805,4,202.81809459999204,frame,4
12187,239.43093879998196,4,203.11810580000747,frame,2
12205,239.73094260005746,4,203.41810989996884,frame,110
12223,240.030762600014,4,203.7179280000273,frame,3
12241,240.33069279999472,4,204.0178586000111,frame,6
12259,240.6307533000363,4,204.31791860004887,frame,112
12277,240.93084130005445,4,204.6180073999567,frame,7
12295,241.2308323000325,4,204.91799830005039,frame,9
12313,241.5308196999831,4,205.217985700001,frame,110
12331,241.83084139996208,4,205.51800749998074,frame,3
12349,242.13081939995755,4,205.81798509997316,frame,6
12367,242.4307875999948,4,206.1179531000089,frame,105
12385,242.73076669999864,4,206.41793210001197,frame,4
12403,243.03078000003006,4,206.7179454000434,frame,2
12421,243.33079829998314,4,207.0179644000018,frame,110
12439,243.63097980001476,4,207.31814550003037,frame,3
12457,243.93081609997898,4,207.61798169999383,frame,6
12475,244.231040499988,4,207.91820790001657,frame,111
12493,244.5310357999988,4,208.21820320002735,frame,1
12511,244.8292524999706,4,208.51642210001592,frame,8
12529,245.12925380002707,4,208.81642309995368,frame,112
12547,245.42933359998278,4,209.11650460003875,frame,7
12565,245.7293411999708,4,209.4165116000222,frame,9
12583,246.02934040001128,4,209.71651089994702,frame,105
12601,246.3293003999861,4,210.0164708000375,frame,4
12619,246.62934960005805,4,210.3165197999915,frame,2
12637,246.9293627999723,4,210.6165337000275,frame,110
12655,247.22934469999745,4,210.91651510004885,frame,3
12673,247.52937720005866,4,211.21654880000278,frame,6
12691,247.83088400005363,4,211.51804919994902,frame,105
12709,248.13094099995214,4,211.81810719997156,frame,4
12727,248.42936469998676,4,212.11653560004197,frame,2
12745,248.72936110000592,4,212.41653190006036,frame,110
12763,249.02935830003116,4,212.71652869996615,frame,3
12781,249.32934289996047,4,213.01651390001643,frame,6
12799,249.6293659999501,4,213.31653670000378,frame,111
12817,249.9308976000175,4,213.61806320003234,frame,1
12835,250.2309562000446,4,213.91812259994913,frame,8
12853,250.53082009998616,4,214.21798560000025,frame,105
12871,250.8308771000011,4,214.51804250001442,frame,4
12889,251.1308273000177,4,214.81799310003407,frame,2
12907,251.42938680003863,4,215.11655779997818,frame,112
12925,251.72938679996878,4,215.41655750002246,frame,7
12943,252.0310560000362,4,215.7182234999491,frame,9
12961,252.33091799996328,4,216.01808379997965,frame,111
12979,252.63090460002422,4,216.31807020003907,frame,1
12997,252.92940280004404,4,216.6165732999798,frame,8
13015,253.22940179996658,4,216.9165729000233,frame,112
13033,253.52939300006256,4,217.21656390000135,frame,7
13051,253.8293171999976,4,217.5164884000551,frame,9
13069,254.13088009995408,4,217.8180457999697,frame,111
13087,254.43087929999456,4,218.11804480000865,frame,1
13105,254.73089420003816,4,218.41805980005302,frame,8
13123,255.0308860000223,4,218.71805210004095,frame,105
13141,255.33077760005835,4,219.01794309995603,frame,4
13159,255.63090039999224,4,219.31806640001014,frame,2
13177,255.92940709996037,4,219.6165777000133,frame,112
13195,256.22923669999,4,219.9164053000277,frame,7
13213,256.5308620999567,4,220.21802749997005,frame,9
13231,256.830888699973,4,220.51805409998633,frame,105
13249,257.13097359996755,4,220.81814009998925,frame,4
13267,257.4293716000393,4,221.11654179997277,frame,2
13285,257.72935429995414,4,221.41652440000325,frame,111
13303,258.0293755000457,4,221.7165453999769,frame,1
13321,258.32927490002476,4,222.01644499995746,frame,8
13339,258.62935239996295,4,222.31652300001588,frame,112
13357,258.92938670003787,4,222.61655729997437,frame,7
13375,259.22938380006235,4,222.91655389999505,frame,9
13393,259.52939709997736,4,223.216567400028,frame,111
13411,259.82913940004073,4,223.51630540005863,frame,1
13429,260.13091019995045,4,223.81807539996225,frame,8
13447,260.4294316000305,4,224.1166024999693,frame,105
13465,260.7294424000429,4,224.41661339998245,frame,4
13483,261.02943720004987,4,224.71660809998866,frame,2
13501,261.3295427999692,4,225.01672079996206,frame,112
13519,261.62943880003877,4,225.31660999997985,frame,7
13537,261.9294430000009,4,225.61661350005306,frame,9
13555,262.2294424000429,4,225.91661279997788,frame,105
13573,262.5294475000119,4,226.21661839995068,frame,4
13591,262.8294712000061,4,226.51664239994716,frame,2
13609,263.1294550000457,4,226.81662559998222,frame,112
13627,263.42946070001926,4,227.11663139995653,frame,7
13645,263.72945960005745,4,227.4166300999932,frame,9
13663,264.0310575000476,4,227.71822429995518,frame,110
13681,264.32945650001056,4,228.0166269999463,frame,3
13699,264.6294583999552,4,228.31662880000658,frame,6
13717,264.9294751000125,4,228.6166461999528,frame,105
13735,265.2294719000347,4,228.91664269997273,frame,4
13753,265.52946650004014,4,229.21663659997284,frame,2
13771,265.82947860006243,4,229.51664950000122,frame,112
13789,266.1294711000519,4,229.81664209999144,frame,7
13807,266.4294683999615,4,230.1166385000106,frame,9
13825,266.7292111000279,4,230.41637850005645,frame,111
13843,267.0294796000235,4,230.71665029996075,frame,1
13861,267.3309204999823,4,231.0180865000002,frame,8
13879,267.62925879994873,4,231.31642829999328,frame,112
13897,267.9294824999524,4,231.6166532000061,frame,7
13915,268.22949399997015,4,231.91666470002383,frame,9
13933,268.530960700009,4,232.21812600002158,frame,105
13951,268.82942419999745,4,232.5165942000458,frame,4
13969,269.12942510005087,4,232.81659479998052,frame,2
13987,269.42949230002705,4,233.1166627999628,frame,111
14005,269.729496999993,4,233.4166674000444,frame,1
14023,270.0294946000213,4,233.7166651999578,frame,8
14041,270.32943889999297,4,234.01660980004817,frame,110
14059,270.62950789998285,4,234.31667900003958,frame,3
14077,270.92950239998754,4,234.61667250003666,frame,6
14095,271.2294713000301,4,234.91664159996435,frame,105
14113,271.5295032999711,4,235.2166745000286,frame,4
14131,271.82947150000837,4,235.51664239994716,frame,2
14149,272.12951670004986,4,235.81668769998942,frame,111
14167,272.4308878000593,4,236.1180531999562,frame,1
14185,272.73099489999004,4,236.41816030000336,frame,8
14203,273.03105430002324,4,236.7182209000457,frame,112
14221,273.3313122000545,4,237.01848089997657,frame,7
14239,273.62951390002854,4,237.3166845999658,frame,9
14257,273.9295201000059,4,237.61669139994774,frame,110
14275,274.22951910004485,4,237.91669059998821,frame,3
14293,274.5310081000207,4,238.21817390003707,frame,6
14311,274.83112900005654,4,238.5182957999641,frame,105
14329,275.13114209997,4,238.81830869999249,frame,4
14347,275.4312386000529,4,239.11840549996123,frame,2
14365,275.7309223000193,4,239.41808810003567,frame,112
14383,276.03104729996994,4,239.71821299998555,frame,7
14401,276.331182599999,4,240.01834960002452,frame,9
14419,276.6311410999624,4,240.31830769998487,frame,111
14437,276.93117039999925,4,240.61833740002476,frame,1
14455,277.2311794999987,4,240.91834620002192,frame,8
14473,277.5295442000497,4,241.21671519998927,frame,112
14491,277.83102619997226,4,241.51819169998635,frame,7
14509,278.1310179999564,4,241.81818379997276,frame,9
14527,278.43105110002216,4,242.1182170000393,frame,111
14545,278.7310315000359,4,242.41819730005227,frame,1
14563,279.03104569995776,4,242.7182112999726,frame,8
14581,279.3295880999649,4,243.01675910002086,frame,110
14599,279.6295728000114,4,243.31674399995245,frame,3
14617,279.92960789997596,4,243.6167787000304,frame,6
14635,280.22956280002836,4,243.91673379996791,frame,111
14653,280.529590500053,4,244.21676830004435,frame,1
14671,280.8295656000264,4,244.51673629996367,frame,8
14689,281.1310252000112,4,244.81819060002454,frame,110
14707,281.43114380002953,4,245.1183099000482,frame,3
14725,281.7311326999916,4,245.41829900001176,frame,6
14743,282.03113679995295,4,245.71830299997237,frame,105
14761,282.33110619999934,4,246.01827260002028,frame,4
14779,282.6311323000118,4,246.31829840003047,frame,2
14797,282.92957250005566,4,246.61674289999064,frame,111
14815,283.23120619996917,4,246.91837279999163,frame,1
14833,283.53120980004314,4,247.21837659995072,frame,8
14851,283.8311470999615,4,247.51831399998628,frame,105
14869,284.13107919995673,4,247.8182449999731,frame,4
14887,284.43108959996607,4,248.11825539998244,frame,2
14905,284.73108589998446,4,248.41825149999931,frame,110
14923,285.0310870000394,4,248.71825280005578,frame,3
14941,285.33105290005915,4,249.0182186999591,frame,6
14959,285.6293069999665,4,249.31647419999354,frame,112
14977,285.9295978000155,4,249.6167685999535,frame,7
14995,286.2295976000605,4,249.91676860000007,frame,9
15013,286.5296597999986,4,250.21683070005383,frame,110
15031,286.82966150005814,4,250.51683179999236,frame,3
15049,287.12960129999556,4,250.81677180004772,frame,6
15067,287.42960429994855,4,251.11677550000604,frame,112
15085,287.7296095000347,4,251.41677999997046,frame,7
15103,288.02960260002874,4,251.71677339996677,frame,9
15121,288.3296056999825,4,252.01677620003466,frame,105
15139,288.6295992999803,4,252.3167703000363,frame,4
15157,288.92976450000424,4,252.61693619994912,frame,2
15175,289.2310671999585,4,252.91823249997105,frame,112
15193,289.53106720000505,4,253.21823250001762,frame,7
15211,289.8296071999939,4,253.51677760004532,frame,9
15229,290.1296158999903,4,253.81678670004476,frame,111
15247,290.4296306000324,4,254.11680109996814,frame,1
15265,290.72964180004783,4,254.41681259998586,frame,8
15283,291.0296264999779,4,254.71679680002853,frame,112
15301,291.3295900999801,4,255.01676070003305,frame,7
15319,291.6314152999548,4,255.31858229998033,frame,9
15337,291.9311402000021,4,255.6183060000185,frame,110
15355,292.23115350003354,4,255.91831970005296,frame,3
15373,292.5311745000072,4,256.2183405000251,frame,6
15391,292.8311130000511,4,256.51827909995336,frame,112
15409,293.1310896000359,4,256.81825500004925,frame,7
15427,293.4310878999531,4,257.11825329996645,frame,9
15445,293.73114779999014,4,257.4183137000073,frame,105
15463,294.02936319995206,4,257.7165306999814,frame,4
15481,294.3313715000404,4,258.0185389999533,frame,2
15499,294.62969029997475,4,258.3168611000292,frame,110
15517,294.9296741000144,4,258.6168449999532,frame,3
15535,295.2296574000502,4,258.916828299989,frame,6
15553,295.52965689997654,4,259.2168269000249,frame,111
15571,295.82973800005857,4,259.5169084999943,frame,1
15589,296.12966129998676,4,259.8168321000412,frame,8
15607,296.42962289997377,4,260.11679390002973,frame,112
15625,296.7296607999597,4,260.4168312000111,frame,7
15643,297.0296661000466,4,260.7168369999854,frame,9
15661,297.33125859999564,4,261.01842590002343,frame,105
15679,297.6296277999645,4,261.31679840001743,frame,4
15697,297.9297446999699,4,261.61691550002433,frame,2
15715,298.22967849997804,4,261.9168492000317,frame,111
15733,298.5296750999987,4,262.2168466000585,frame,1
15751,298.8297195000341,4,262.51689049997367,frame,8
15769,299.13113820005674,4,262.8183034999529,frame,112
15787,299.431139399996,4,263.1183047000086,frame,7
15805,299.73115969996434,4,263.4183249999769,frame,9
15823,300.03115209995303,4,263.71831749996636,frame,111
15841,300.3311773999594,4,264.01834279997274,frame,1
15859,300.6296843000455,4,264.31685469998047,frame,8
15877,300.93120720004663,4,264.6183734999504,frame,112
15895,301.22969790000934,4,264.9168688999489,frame,7
15913,301.52968479995616,4,265.2168553000083,frame,9
15931,301.82965650002006,4,265.5168272999581,frame,110
15949,302.1296649000142,4,265.81683529994916,frame,3
15967,302.4297046000138,4,266.1168751999503,frame,6
15985,302.72970559995156,4,266.41687630000524,frame,112
16003,303.02969979995396,4,266.71687050000764,frame,7
16021,303.3296214999864,4,267.0167919000378,frame,9
16039,303.6297036999604,4,267.3168741000118,frame,105
16057,303.9297127999598,4,267.616883700015,frame,4
16075,304.2297054999508,4,267.91687600000296,frame,2
16093,304.5311631000368,4,268.2183285000501,frame,112
16111,304.831105499994,4,268.5182708000066,frame,7
16129,305.13121629995294,4,268.81838229997084,frame,9
16147,305.4297146999743,4,269.11688520002645,frame,111
16165,305.72977840004023,4,269.41695670003537,frame,1
16183,306.0297230000142,4,269.71689379995223,frame,8
16201,306.3297534000594,4,270.0169237999944,frame,105
16219,306.62973020004574,4,270.3169009999838,frame,4
16237,306.92973319999874,4,270.61690430005547,frame,2
16255,307.22972369997296,4,270.9168945000274,frame,112
16273,307.52972730004694,4,271.2168977999827,frame,7
16291,307.831272099982,4,271.5184375999961,frame,9
16309,308.13121240003966,4,271.81837790005375,frame,110
16327,308.43139549996704,4,272.1185623999918,frame,3
16345,308.73120699997526,4,272.4183722999878,frame,6
16363,309.03122320002876,4,272.71838870004285,frame,111
16381,309.331161399954,4,273.0183265999658,frame,1
16399,309.63122280000243,4,273.3183883000165,frame,8
16417,309.93122420005966,4,273.6183897999581,frame,105
16435,310.2313653000165,4,273.91853190003894,frame,4
16453,310.5313404999906,4,274.21850690001156,frame,2
16471,310.8313257000409,4,274.51849229994696,frame,111
16489,311.13134439999703,4,274.818510800018,frame,1
16507,311.4312341000186,4,275.1183994000312,frame,8
16525,311.7312322000507,4,275.4183976999484,frame,105
16543,312.0312228000257,4,275.71838820003904,frame,4
16561,312.3312386999605,4,276.01840439997613,frame,2
16579,312.6297609000467,4,276.31693209998775,frame,110
16597,312.93134240002837,4,276.61850900005084,frame,3
16615,313.23132859996986,4,276.91849509999156,frame,6
16633,313.5313613000326,4,277.2185277000535,frame,105
16651,313.82972300006077,4,277.5168924999889,frame,4
16669,314.1297036999604,4,277.8168737000087,frame,2
16687,314.4297885999549,4,278.11696000001393,frame,111
16705,314.7297808000585,4,278.4169511999935,frame,1
16723,315.03129279997665,4,278.71845849999227,frame,8
16741,315.33131060004234,4,279.018476700061,frame,105
16759,315.6294861000497,4,279.3166532999603,frame,4
16777,315.92983529996127,4,279.6170062000165,frame,2
16795,316.2297916000243,4,279.9169625999639,frame,110
16813,316.52979399997275,4,280.216965300031,frame,3
16831,316.82975659996737,4,280.5169275000226,frame,6
16849,317.13149549998343,4,280.818662900012,frame,112
16867,317.4297848000424,4,281.1169551999774,frame,7
16885,317.72979210002813,4,281.41696289996617,frame,9
16903,318.0312818000093,4,281.71844720002264,frame,105
16921,318.3313329999801,4,282.0184988999972,frame,4
16939,318.62980490003247,4,282.31697529996745,frame,2
16957,318.9298066999763,4,282.6169782000361,frame,112
16975,319.22980079997797,4,282.9169714000309,frame,7
16993,319.52980490005575,4,283.2169760999968,frame,9
17011,319.82980399997905,4,283.5169753000373,frame,111
17029,320.12981039995793,4,283.81698150001466,frame,1
17047,320.4298119000159,4,284.11698269995395,frame,8
17065,320.7298184999963,4,284.4169887000462,frame,112
17083,321.0298254999798,4,284.7169961000327,frame,7
17101,321.32977970002685,4,285.0169504999649,frame,9
17119,321.6298680000473,4,285.3170395999914,frame,110
17137,321.92982940003276,4,285.6170001999708,frame,3
17155,322.22982600005344,4,285.9169964999892,frame,6
17173,322.529839899973,4,286.21701070002746,frame,111
17191,322.829789099982,4,286.51695990003645,frame,1
17209,323.1298300999915,4,286.8170006000437,frame,8
17227,323.42984050000086,4,287.1170114000561,frame,105
17245,323.7311592999613,4,287.4183249999769,frame,4
17263,324.03125530004036,4,287.7184207000537,frame,2
17281,324.33128359995317,4,288.0184499999741,frame,112
17299,324.631413300056,4,288.3185797999613,frame,7
17317,324.93143690004945,4,288.6186031999532,frame,9
17335,325.2296121000545,4,288.91678109997883,frame,105
17353,325.5298399999738,4,289.2170108000282,frame,4
17371,325.82996470003854,4,289.5171353999758,frame,2
17389,326.1298499000259,4,289.81702079996467,frame,110
17407,326.43134240002837,4,290.11850820004474,frame,3
17425,326.73147610004526,4,290.41864279995207,frame,6
17443,327.03148510004394,4,290.7186518999515,frame,105
17461,327.3313595999498,4,291.018526299973,frame,4
17479,327.6314998000162,4,291.3186665000394,frame,2
17497,327.92985920002684,4,291.61702999996487,frame,112
17515,328.22985800006427,4,291.9170290000038,frame,7
17533,328.53135099995416,4,292.2185163999675,frame,9
17551,328.8314465000294,4,292.5186131000519,frame,110
17569,329.13147709995974,4,292.81864379998296,frame,3
17587,329.4314897999866,4,293.1186566000106,frame,6
17605,329.7314824999776,4,293.41864910000004,frame,112
17623,330.03150160005316,4,293.71866829996,frame,7
17641,330.3314827999566,4,294.0186499999836,frame,9
17659,330.62988340004813,4,294.31705419998616,frame,105
17677,330.92987420002464,4,294.6170451999642,frame,4
17695,331.2313632000005,4,294.9185286000138,frame,2
17713,331.5315468000481,4,295.21871409995947,frame,110
17731,331.8315581000643,4,295.51872519997414,frame,3
17749,332.13153660006355,4,295.81870389997493,frame,6
17767,332.4296158000361,4,296.1167838999536,frame,111
17785,332.7299038999481,4,296.4170746000018,frame,1
17803,333.0298732999945,4,296.71704360004514,frame,8
17821,333.3299619000172,4,297.017132799956,frame,112
17839,333.6298872999614,4,297.3170580000151,frame,7
17857,333.9299062000355,4,297.6170772999758,frame,9
17875,334.2298960000044,4,297.91706650005654,frame,105
17893,334.52990419999696,4,298.217075600056,frame,4
17911,334.8299393999623,4,298.517118299962,frame,2
17929,335.12989780004136,4,298.8170690999832,frame,112
17947,335.429912099964,4,299.11708290001843,frame,7
17965,335.72991750005167,4,299.41708819998894,frame,9
17983,336.02991200005636,4,299.7170824999921,frame,110
18001,336.33141410001554,4,300.0185797000304,frame,3
18019,336.63129409996327,4,300.31845959997736,frame,6
18037,336.93153389997315,4,300.6187005999964,frame,112
18055,337.2316181999631,4,300.9187854999909,frame,7
18073,337.5299157999689,4,301.2170862000203,frame,9
18091,337.82996110001113,4,301.51714000001084,frame,111
18109,338.131387899979,4,301.8185533999931,frame,1
18127,338.43152410001494,4,302.1186910000397,frame,8
18145,338.7313953000121,4,302.4185607000254,frame,110
18163,339.03144259995315,4,302.7186083999695,frame,3
18181,339.3312910000095,4,303.01845660002436,frame,6
18199,339.63146910001524,4,303.31863480003085,frame,112
18217,339.9314337000251,4,303.6185996000422,frame,7
18235,340.231627900037,4,303.91879519994836,frame,9
18253,340.52993369998876,4,304.2171043000417,frame,105
18271,340.8299612000119,4,304.51713219995145,frame,4
18289,341.13149289996363,4,304.81865889998153,frame,2
18307,341.4314965000376,4,305.1186625000555,frame,112
18325,341.7315187000204,4,305.41868500004057,frame,7
18343,342.03158750000875,4,305.7187539000297,frame,9
18361,342.33149250003044,4,306.0186589000514,frame,105
18379,342.6315132000018,4,306.31867930002045,frame,4
18397,342.93151220004074,4,306.6186785000609,frame,2
18415,343.2299506999552,4,306.917122200015,frame,112
18433,343.5299482999835,4,307.2171188000357,frame,7
18451,343.82999989995733,4,307.51717080001254,frame,9
18469,344.1299556000158,4,307.81712669995613,frame,110
18487,344.42996320000384,4,308.117133700056,frame,3
18505,344.73145540000405,4,308.41862140002195,frame,6
18523,345.0314704000484,4,308.7186361999484,frame,111
18541,345.331420200062,4,309.0185857999604,frame,1
18559,345.63145280000754,4,309.3186186000239,frame,8
18577,345.9314571999712,4,309.6186228999868,frame,105
18595,346.23145800002385,4,309.91862370003946,frame,4
18613,346.5314723000629,4,310.21863829996437,frame,2
18631,346.831495200051,4,310.5186610999517,frame,110
18649,347.1315044000512,4,310.8186703999527,frame,3
18667,347.4315232000081,4,311.1186891000252,frame,6
18685,347.7299927000422,4,311.41716399998404,frame,111
18703,348.02998959994875,4,311.71716000000015,frame,1
18721,348.32996730005834,4,312.01713789999485,frame,8
18739,348.62998680002056,4,312.31715749995783,frame,112
18757,348.9300027999561,4,312.6171733000083,frame,7
18775,349.2300079000415,4,312.9171787999803,frame,9
18793,349.5300040000584,4,313.2171743999934,frame,110
18811,349.8299752000021,4,313.5171460000565,frame,3
18829,350.1300304000033,4,313.8172084999969,frame,6
18847,350.42999530001543,4,314.1171664999565,frame,105
18865,350.73005050001666,4,314.4172214999562,frame,4
18883,351.0300014000386,4,314.71717219997663,frame,2
18901,351.3300009999657,4,315.01717150001787,frame,111
18919,351.6300170000177,4,315.3171882999595,frame,1
18937,351.9300143000437,4,315.6171850999817,frame,8
18955,352.23001119995024,4,315.9171815000009,frame,112
18973,352.53006669995375,4,316.2172377000097,frame,7
18991,352.8300403000321,4,316.51721920003183,frame,9
19009,353.1300204000436,4,316.8171911999816,frame,105
19027,353.4316499000415,4,317.1188163999468,frame,4
19045,353.73003109998535,4,317.4172022000421,frame,2
19063,354.0300198000623,4,317.71719100000337,frame,112
19081,354.331515399972,4,318.0186809999868,frame,7
19099,354.6314781999681,4,318.31864379998296,frame,9
19117,354.93167239998,4,318.61883910000324,frame,111
19135,355.2316741000395,4,318.9188406999456,frame,1
19153,355.5316629000008,4,319.21883010002784,frame,8
19171,355.83150440000463,4,319.5186699000187,frame,112
19189,356.1297606000444,4,319.81692799995653,frame,7
19207,356.43003150005825,4,320.1172021999955,frame,9
19225,356.73003780003637,4,320.4172087999759,frame,110
19243,357.0313028000528,4,320.7184814000502,frame,3
19261,357.3315094000427,4,321.01867530005984,frame,6
19279,357.6300582999829,4,321.3172296000412,frame,105
19297,357.9300489999587,4,321.61721970001236,frame,4
19315,358.2300482999999,4,321.91721890005283,frame,2
19333,358.5300572999986,4,322.2172284000553,frame,112
19351,358.8300333999796,4,322.51720440003555,frame,7
19369,359.1315481000347,4,322.8187138000503,frame,9
19387,359.4315652999794,4,323.118730999995,frame,105
19405,359.73154830001295,4,323.4187142000301,frame,4
19423,360.03154850006104,4,323.71871419996023,frame,2
19441,360.3314695999725,4,324.01863539998885,frame,111
19459,360.6300595999928,4,324.3172306000488,frame,1
19477,360.9315687000053,4,324.6187345000217,frame,8
19495,361.2315691000549,4,324.9187347999541,frame,110
19513,361.5315737000201,4,325.2187396000372,frame,3
19531,361.8314524999587,4,325.5186181999743,frame,6
19549,362.13156400003936,4,325.81872980005573,frame,112
19567,362.4314731999766,4,326.11863879999146,frame,7
19585,362.7315555999521,4,326.4187213999685,frame,9
19603,363.03145610005595,4,326.7186215999536,frame,111
19621,363.33154319995083,4,327.0187086999649,frame,1
19639,363.631719200057,4,327.3188860999653,frame,8
19657,363.9317187999841,4,327.61888570000883,frame,105
19675,364.2317265999736,4,327.91889329999685,frame,4
19693,364.53173369995784,4,328.21890039998107,frame,2
19711,364.83172869996633,4,328.51889800000936,frame,111
19729,365.1317571999971,4,328.8189242000226,frame,1
19747,365.4301322000101,4,329.1173028999474,frame,8
19765,365.7301209999714,4,329.4172925000312,frame,112
19783,366.0301100000506,4,329.7172803999856,frame,7
19801,366.3301593000069,4,330.01733059994876,frame,9
19819,366.63010119996034,4,330.31727210001554,frame,111
19837,366.93011429999024,4,330.61728520004544,frame,1
19855,367.2301128000254,4,330.91728319996037,frame,8
19873,367.5301032999996,4,331.2172743000556,frame,105
19891,367.83017860003747,4,331.51737460005097,frame,4
19909,368.1301096000243,4,331.8172799999593,frame,2
19927,368.4301199000329,4,332.11729139997624,frame,112
19945,368.73011829995085,4,332.417288800003,frame,7
19963,369.0301183999982,4,332.7172890000511,frame,9
19981,369.33010290004313,4,333.0172737999819,frame,105
19999,369.6315955000464,4,333.3187609000597,frame,4
20017,369.93175049999263,4,333.61891720001586,frame,2
20035,370.23175659996923,4,333.918923499994,frame,110
20053,370.53176469996106,4,334.2189315999858,frame,3
20071,370.8315307999728,4,334.51869619998615,frame,6
20089,371.13160099997185,4,334.81876649998594,frame,112
20107,371.43161379999947,4,335.1187794000143,frame,7
20125,371.7316189999692,4,335.41878459998406,frame,9
20143,372.0316969000269,4,335.71886240004096,frame,105
20161,372.3314631000394,4,336.018628800055,frame,4
20179,372.6316308999667,4,336.3187968999846,frame,2
20197,372.931591300061,4,336.61875679995865,frame,111
20215,373.2316181999631,4,336.91878389997873,frame,1
20233,373.5301474999869,4,337.2173179000383,frame,8
20251,373.8302174999844,4,337.51738840003964,frame,112
20269,374.1301735000452,4,337.8173441999825,frame,7
20287,374.43015130003914,4,338.1173219999764,frame,9
20305,374.73014680005144,4,338.41731709998567,frame,110
20323,375.03015909995884,4,338.7173298000125,frame,3
20341,375.3301488000434,4,339.01731979998294,frame,6
20359,375.63015490002,4,339.3173259999603,frame,111
20377,375.93016160000116,4,339.6173324000556,frame,1
20395,376.2301581000211,4,339.9173285999568,frame,8
20413,376.5301591999596,4,340.2173299000133,frame,105
20431,376.8301732999971,4,340.5173440000508,frame,4
20449,377.1301648999797,4,340.8173358000349,frame,2
20467,377.43016390001867,4,341.117334999959,frame,111
20485,377.7301704999991,4,341.41734120005276,frame,1
20503,378.03017799998634,4,341.7173485000385,frame,8
20521,378.3301399999764,4,342.01731000002474,frame,110
20539,378.6301865000278,4,342.31735799997114,frame,3
20557,378.93018000002485,4,342.6173511999659,frame,6
20575,379.2301843999885,4,342.9173553000437,frame,112
20593,379.5301856000442,4,343.2173566999845,frame,7
20611,379.83017319999635,4,343.51734390005004,frame,9
20629,380.1301903000567,4,343.8173608999932,frame,110
20647,380.4301946000196,4,344.1173654999584,frame,3
20665,380.7302031000145,4,344.417373699951,frame,6
20683,381.03019950003363,4,344.71737059997395,frame,111
20701,381.33020760002546,4,345.01737829996273,frame,1
20719,381.63020130002405,4,345.3173722999636,frame,8
20737,381.93020509998314,4,345.6173759000376,frame,110
20755,382.23020500002895,4,345.91737589996774,frame,3
20773,382.5302675999701,4,346.2174390000291,frame,6
20791,382.83013779995963,4,346.51731619995553,frame,112
20809,383.13021400000434,4,346.81738440005574,frame,7
20827,383.43019710003864,4,347.1173677999759,frame,9
20845,383.7302193000214,4,347.4173898999579,frame,111
20863,384.03020379994996,4,347.7173743000021,frame,1
20881,384.33164410002064,4,348.01880960003473,frame,8
20899,384.63173939997796,4,348.31890489999205,frame,105
20917,384.9317584000528,4,348.6189247999573,frame,4
20935,385.2317934000166,4,348.91896030004136,frame,2
20953,385.53166950005107,4,349.21883599995635,frame,111
20971,385.8315237000352,4,349.51868900004774,frame,1
20989,386.1316645999905,4,349.8188300000038,frame,8
21007,386.43168829998467,4,350.11885379999876,frame,110
21025,386.73169809998944,4,350.41886410000734,frame,3
21043,387.0316700000549,4,350.718835299951,frame,6
21061,387.33168179995846,4,351.0188473999733,frame,112
21079,387.63171930005774,4,351.3188855999615,frame,7
21097,387.9317214000039,4,351.61888700001873,frame,9
21115,388.23023660003673,4,351.9174077999778,frame,105
21133,388.53167389996815,4,352.2188392999815,frame,4
21151,388.83005079999566,4,352.5172198000364,frame,2
21169,389.1316850000294,4,352.8188504000427,frame,111
21187,389.4317032999825,4,353.1188689999981,frame,1
21205,389.7317208000459,4,353.4188866999466,frame,8
21223,390.03172640001867,4,353.71889240003657,frame,112
21241,390.33170880004764,4,354.01887439994607,frame,7
21259,390.6302620000206,4,354.3174330999609,frame,9
21277,390.9302552000154,4,354.61742539994884,frame,111
21295,391.2302517000353,4,354.91742219997104,frame,1
21313,391.5302548999898,4,355.217425400042,frame,8
21331,391.83178250002675,4,355.5189494000515,frame,110
21349,392.13014569994994,4,355.8173156999983,frame,3
21367,392.4301695000613,4,356.1173387999879,frame,6
21385,392.7302611999912,4,356.41743150004186,frame,111
21403,393.031777300057,4,356.71894359996077,frame,1
21421,393.3317755999742,4,357.01894199999515,frame,8
21439,393.6318042000057,4,357.3189705000259,frame,110
21457,393.93027000001166,4,357.617441099952,frame,3
21475,394.2302636000095,4,357.9174337000586,frame,6
21493,394.5302759000333,4,358.2174467999721,frame,111
21511,394.8317335000029,4,358.51889880001545,frame,1
21529,395.13177620002534,4,358.81894220004324,frame,8
21547,395.4317990000127,4,359.1189649000298,frame,105
21565,395.73181549995206,4,359.41898199997377,frame,4
21583,396.03179350006394,4,359.71895939996466,frame,2
